Balls,BattingOrder,Country,Fours,MatchId,Minutes,Name,OutMethod,Runs,SR,Sixes
5,1,India,2,T20I no. 2729,7,Rohit Sharma,c Klaasen b Maharaj,9,180.00,0
59,2,India,6,T20I no. 2729,87,Virat Kohli,c Rabada b Jansen,76,128.81,2
2,3,India,0,T20I no. 2729,2,Rishabh Pant,c †de Kock b Maharaj,0,0.00,0
4,4,India,0,T20I no. 2729,9,Suryakumar Yadav,c Klaasen b Rabada,3,75.00,0
31,5,India,1,T20I no. 2729,38,Axar Patel,run out (†de Kock),47,151.61,4
16,6,India,3,T20I no. 2729,32,Shivam Dube,c Miller b Nortje,27,168.75,1
2,7,India,1,T20I no. 2729,7,Hardik Pandya,,5,250.00,0
2,8,India,0,T20I no. 2729,1,Ravindra Jadeja,c Maharaj b Nortje,2,100.00,0
5,1,South Africa,1,T20I no. 2729,6,Reeza Hendricks, b Bumrah,4,80.00,0
31,2,South Africa,4,T20I no. 2729,54,Quinton de Kock,c Kuldeep Yadav b Arshdeep Singh,39,125.80,1
5,3,South Africa,1,T20I no. 2729,4,Aiden Markram,c †Pant b Arshdeep Singh,4,80.00,0
21,4,South Africa,3,T20I no. 2729,24,Tristan Stubbs, b Patel,31,147.61,1
27,5,South Africa,2,T20I no. 2729,33,Heinrich Klaasen,c †Pant b Pandya,52,192.59,5
17,6,South Africa,1,T20I no. 2729,37,David Miller,c Yadav b Pandya,21,123.52,1
4,7,South Africa,0,T20I no. 2729,7,Marco Jansen, b Bumrah,2,50.00,0
7,8,South Africa,0,T20I no. 2729,18,Keshav Maharaj,,2,28.57,0
3,9,South Africa,1,T20I no. 2729,5,Kagiso Rabada,c Yadav b Pandya,4,133.33,0
1,10,South Africa,0,T20I no. 2729,1,Anrich Nortje,,1,100.00,0
16,1,Canada,5,T20I no. 2632,24,Aaron Johnson,c Kumar b Harmeet Singh,23,143.75,0
44,2,Canada,6,T20I no. 2632,62,Navneet Dhaliwal,c Jasdeep Singh b Anderson,61,138.63,3
7,3,Canada,0,T20I no. 2632,12,Pargat Singh,run out (Jasdeep Singh/†Patel),5,71.42,0
31,4,Canada,3,T20I no. 2632,43,Nicholas Kirton,c Anderson b Ali Khan,51,164.51,2
16,5,Canada,2,T20I no. 2632,29,Shreyas Movva,,32,200.00,2
5,6,Canada,1,T20I no. 2632,5,Dilpreet Bajwa,run out (Taylor/†Patel),11,220.00,1
1,7,Canada,0,T20I no. 2632,4,Dilon Heyliger,,1,100.00,0
2,1,United States of America,0,T20I no. 2632,2,Steven Taylor,lbw b Kaleem Sana,0,0.00,0
16,2,United States of America,2,T20I no. 2632,33,Monank Patel,c †Movva b Heyliger,16,100.00,0
46,3,United States of America,7,T20I no. 2632,76,Andries Gous,c Johnson b Dutta,65,141.30,3
40,4,United States of America,4,T20I no. 2632,56,Aaron Jones,,94,235.00,10
5,5,United States of America,0,T20I no. 2632,8,Corey Anderson,,3,60.00,0
5,1,Papua New Guinea,0,T20I no. 2633,7,Tony Ura,c †Pooran b Shepherd,2,40.00,0
22,2,Papua New Guinea,2,T20I no. 2633,26,Assad Vala,c Chase b Joseph,21,95.45,1
2,3,Papua New Guinea,0,T20I no. 2633,2,Lega Siaka, b Hosein,1,50.00,0
43,4,Papua New Guinea,6,T20I no. 2633,55,Sese Bau, b Joseph,50,116.27,1
6,5,Papua New Guinea,0,T20I no. 2633,10,Hiri Hiri,c Powell b Motie,2,33.33,0
14,6,Papua New Guinea,0,T20I no. 2633,22,Charles Amini,c †Pooran b Russell,12,85.71,0
18,7,Papua New Guinea,3,T20I no. 2633,23,Kiplin Doriga,,27,150.00,0
9,8,Papua New Guinea,1,T20I no. 2633,10,Chad Soper, b Russell,10,111.11,0
0,9,Papua New Guinea,0,T20I no. 2633,2,Alei Nao,run out (Joseph),0,-,0
2,10,Papua New Guinea,0,T20I no. 2633,3,Kabua Morea,,2,100.00,0
29,1,West Indies,7,T20I no. 2633,44,Brandon King,c Siaka b Vala,34,117.24,0
1,2,West Indies,0,T20I no. 2633,6,Johnson Charles,lbw b Nao,0,0.00,0
27,3,West Indies,1,T20I no. 2633,30,Nicholas Pooran,c Ura b Kariko,27,100.00,2
27,4,West Indies,4,T20I no. 2633,39,Roston Chase,,42,155.55,2
14,5,West Indies,2,T20I no. 2633,14,Rovman Powell,c †Doriga b Soper,15,107.14,0
7,6,West Indies,0,T20I no. 2633,6,Sherfane Rutherford,c †Doriga b Vala,2,28.57,0
9,7,West Indies,0,T20I no. 2633,11,Andre Russell,,15,166.66,1
1,1,Oman,0,T20I no. 2634,1,Kashyap Prajapati,lbw b Trumpelmann,0,0.00,0
6,2,Oman,1,T20I no. 2634,16,Naseem Khushi,c Erasmus b Trumpelmann,6,100.00,0
1,3,Oman,0,T20I no. 2634,2,Aqib Ilyas,lbw b Trumpelmann,0,0.00,0
20,4,Oman,4,T20I no. 2634,29,Zeeshan Maqsood,lbw b Scholtz,22,110.00,0
39,5,Oman,1,T20I no. 2634,56,Khalid Kail,c & b Wiese,34,87.17,1
21,6,Oman,0,T20I no. 2634,16,Ayaan Khan,c Frylinck b Erasmus,15,71.42,1
10,7,Oman,0,T20I no. 2634,10,Mohammad Nadeem,lbw b Erasmus,6,60.00,0
8,8,Oman,1,T20I no. 2634,12,Mehran Khan,lbw b Wiese,7,87.50,0
9,9,Oman,2,T20I no. 2634,13,Shakeel Ahmed,c Trumpelmann b Wiese,11,122.22,0
3,10,Oman,0,T20I no. 2634,4,Kaleemullah,lbw b Trumpelmann,2,66.66,0
1,11,Oman,0,T20I no. 2634,5,Bilal Khan,,1,100.00,0
2,1,Namibia,0,T20I no. 2634,1,Michael van Lingen, b Bilal Khan,0,0.00,0
31,2,Namibia,2,T20I no. 2634,35,Nikolaas Davin,c Mohammad Nadeem b Aqib Ilyas,24,77.41,1
48,3,Namibia,6,T20I no. 2634,77,Jan Frylinck, b Mehran Khan,45,93.75,0
16,4,Namibia,1,T20I no. 2634,19,Gerhard Erasmus,c Zeeshan Maqsood b Ayaan Khan,13,81.25,0
12,5,Namibia,1,T20I no. 2634,13,JJ Smit,c Ayaan Khan b Mehran Khan,8,66.66,0
8,6,Namibia,0,T20I no. 2634,15,David Wiese,,9,112.50,1
2,7,Namibia,0,T20I no. 2634,2,Zane Green,lbw b Mehran Khan,0,0.00,0
1,8,Namibia,0,T20I no. 2634,3,Malan Kruger,,1,100.00,0
8,1,Sri Lanka,0,T20I no. 2635,15,Pathum Nissanka,c Klaasen b Baartman,3,37.50,0
30,2,Sri Lanka,1,T20I no. 2635,46,Kusal Mendis,c Stubbs b Nortje,19,63.33,0
15,3,Sri Lanka,1,T20I no. 2635,19,Kamindu Mendis,c Hendricks b Nortje,11,73.33,0
2,4,Sri Lanka,0,T20I no. 2635,2,Wanindu Hasaranga,st †de Kock b Maharaj,0,0.00,0
1,5,Sri Lanka,0,T20I no. 2635,1,Sadeera Samarawickrama, b Maharaj,0,0.00,0
9,6,Sri Lanka,0,T20I no. 2635,11,Charith Asalanka,c Hendricks b Nortje,6,66.66,0
16,7,Sri Lanka,0,T20I no. 2635,24,Angelo Mathews,c Baartman b Nortje,16,100.00,2
10,8,Sri Lanka,0,T20I no. 2635,13,Dasun Shanaka, b Rabada,9,90.00,1
16,9,Sri Lanka,1,T20I no. 2635,20,Maheesh Theekshana,,7,43.75,0
4,10,Sri Lanka,0,T20I no. 2635,8,Matheesha Pathirana,c Markram b Rabada,0,0.00,0
4,11,Sri Lanka,0,T20I no. 2635,7,Nuwan Thushara,run out (Nortje/Jansen),0,0.00,0
27,1,South Africa,0,T20I no. 2635,54,Quinton de Kock,c & b Hasaranga,20,74.07,1
2,2,South Africa,1,T20I no. 2635,8,Reeza Hendricks,c PHKD Mendis b Thushara,4,200.00,0
14,3,South Africa,0,T20I no. 2635,14,Aiden Markram,c PHKD Mendis b Shanaka,12,85.71,1
28,4,South Africa,0,T20I no. 2635,39,Tristan Stubbs,c Asalanka b Hasaranga,13,46.42,0
22,5,South Africa,1,T20I no. 2635,22,Heinrich Klaasen,,19,86.36,1
6,6,South Africa,1,T20I no. 2635,13,David Miller,,6,100.00,0
45,1,Afghanistan,4,T20I no. 2636,70,Rahmanullah Gurbaz,c Riazat Ali Shah b Ramjani,76,168.88,4
46,2,Afghanistan,9,T20I no. 2636,66,Ibrahim Zadran, b Masaba,70,152.17,1
3,3,Afghanistan,0,T20I no. 2636,8,Najibullah Zadran,c Nakrani b Masaba,2,66.66,0
16,4,Afghanistan,0,T20I no. 2636,23,Mohammad Nabi,,14,87.50,0
5,5,Afghanistan,0,T20I no. 2636,6,Gulbadin Naib,c Masaba b Kyewuta,4,80.00,0
5,6,Afghanistan,0,T20I no. 2636,9,Azmatullah Omarzai,c Ramjani b Kyewuta,5,100.00,0
1,7,Afghanistan,0,T20I no. 2636,1,Rashid Khan,,2,200.00,0
2,1,Uganda,1,T20I no. 2636,1,Ronak Patel, b Fazalhaq Farooqi,4,200.00,0
4,2,Uganda,1,T20I no. 2636,9,Simon Ssesazi,c Fazalhaq Farooqi b Mujeeb Ur Rahman,4,100.00,0
1,3,Uganda,0,T20I no. 2636,1,Roger Mukasa,lbw b Fazalhaq Farooqi,0,0.00,0
34,4,Uganda,0,T20I no. 2636,56,Riazat Ali Shah, b Fazalhaq Farooqi,11,32.35,0
8,5,Uganda,1,T20I no. 2636,11,Dinesh Nakrani, b Naveen-ul-Haq,6,75.00,0
2,6,Uganda,0,T20I no. 2636,1,Alpesh Ramjani,c Gulbadin Naib b Naveen-ul-Haq,0,0.00,0
25,7,Uganda,0,T20I no. 2636,42,Robinson Obuya,c †Rahmanullah Gurbaz b Fazalhaq Farooqi,14,56.00,1
1,8,Uganda,0,T20I no. 2636,1,Brian Masaba,c †Rahmanullah Gurbaz b Fazalhaq Farooqi,0,0.00,0
16,9,Uganda,1,T20I no. 2636,18,Bilal Hassan,lbw b Rashid Khan,8,50.00,0
2,10,Uganda,0,T20I no. 2636,15,Cosmas Kyewuta,,2,100.00,0
1,11,Uganda,0,T20I no. 2636,1,Henry Ssenyondo, b Rashid Khan,0,0.00,0
31,1,Scotland,4,T20I no. 2637,46,George Munsey,,41,132.25,2
30,2,Scotland,4,T20I no. 2637,46,Michael Jones,,45,150.00,2
10,1,Nepal,1,T20I no. 2638,14,Kushal Bhurtel,lbw b van Beek,7,70.00,0
8,2,Nepal,1,T20I no. 2638,8,Aasif Sheikh,c Kingma b Pringle,4,50.00,0
12,3,Nepal,2,T20I no. 2638,29,Anil Sah,c van Beek b Pringle,11,91.66,0
37,4,Nepal,5,T20I no. 2638,59,Rohit Paudel,c O'Dowd b Pringle,35,94.59,0
9,5,Nepal,1,T20I no. 2638,8,Kushal Malla,c O'Dowd b van Meekeren,9,100.00,0
6,6,Nepal,0,T20I no. 2638,4,Dipendra Singh Airee,c van Beek b de Leede,1,16.66,0
5,7,Nepal,0,T20I no. 2638,10,Sompal Kami, b van Meekeren,0,0.00,0
15,8,Nepal,0,T20I no. 2638,28,Gulsan Jha, b van Beek,14,93.33,1
12,9,Nepal,0,T20I no. 2638,13,Karan KC,c Kingma b de Leede,17,141.66,2
1,10,Nepal,0,T20I no. 2638,3,Sagar Dhakal,,0,0.00,0
1,11,Nepal,0,T20I no. 2638,1,Abinash Bohara,c & b van Beek,0,0.00,0
3,1,Netherlands,0,T20I no. 2638,6,Michael Levitt,c Airee b Sompal Kami,1,33.33,0
48,2,Netherlands,4,T20I no. 2638,86,Max O'Dowd,,54,112.50,1
28,3,Netherlands,4,T20I no. 2638,32,Vikramjit Singh,lbw b Airee,22,78.57,0
16,4,Netherlands,1,T20I no. 2638,18,Sybrand Engelbrecht,run out (Sompal Kami),14,87.50,0
8,5,Netherlands,0,T20I no. 2638,11,Scott Edwards, b Bohara,5,62.50,0
10,6,Netherlands,1,T20I no. 2638,13,Bas de Leede,,11,110.00,0
10,1,Ireland,1,T20I no. 2639,-,Andy Balbirnie, b Arshdeep Singh,5,50.00,0
6,2,Ireland,0,T20I no. 2639,-,Paul Stirling,c †Pant b Arshdeep Singh,2,33.33,0
13,3,Ireland,2,T20I no. 2639,-,Lorcan Tucker, b Pandya,10,76.92,0
16,4,Ireland,0,T20I no. 2639,-,Harry Tector,c Kohli b Bumrah,4,25.00,0
8,5,Ireland,1,T20I no. 2639,-,Curtis Campher,c †Pant b Pandya,12,150.00,1
5,6,Ireland,0,T20I no. 2639,-,George Dockrell,c Bumrah b Mohammed Siraj,3,60.00,0
14,7,Ireland,2,T20I no. 2639,-,Gareth Delany,run out (Mohammed Siraj/†Pant),26,185.71,2
2,8,Ireland,0,T20I no. 2639,-,Mark Adair,c Dube b Pandya,3,150.00,0
6,9,Ireland,0,T20I no. 2639,-,Barry McCarthy,c & b Patel,0,0.00,0
13,10,Ireland,2,T20I no. 2639,-,Josh Little, b Bumrah,14,107.69,0
4,11,Ireland,0,T20I no. 2639,-,Ben White,,2,50.00,0
37,1,India,4,T20I no. 2639,48,Rohit Sharma,,52,140.54,3
5,2,India,0,T20I no. 2639,13,Virat Kohli,c White b Adair,1,20.00,0
26,3,India,3,T20I no. 2639,46,Rishabh Pant,,36,138.46,2
4,4,India,0,T20I no. 2639,9,Suryakumar Yadav,c Dockrell b White,2,50.00,0
2,5,India,0,T20I no. 2639,3,Shivam Dube,,0,0.00,0
2,1,Papua New Guinea,0,T20I no. 2640,2,Assad Vala,lbw b Ramjani,0,0.00,0
6,2,Papua New Guinea,0,T20I no. 2640,21,Tony Ura,c Mukasa b Kyewuta,2,33.33,0
9,3,Papua New Guinea,1,T20I no. 2640,11,Sese Bau,c Mukasa b Miyagi,5,55.55,0
17,4,Papua New Guinea,1,T20I no. 2640,19,Lega Siaka,run out (Kyewuta/†Ssesazi),12,70.58,0
19,5,Papua New Guinea,2,T20I no. 2640,32,Hiri Hiri,lbw b Nsubuga,15,78.94,0
14,6,Papua New Guinea,0,T20I no. 2640,10,Charles Amini, b Nsubuga,5,35.71,0
20,7,Papua New Guinea,0,T20I no. 2640,18,Kiplin Doriga,lbw b Ramjani,12,60.00,1
11,8,Papua New Guinea,0,T20I no. 2640,15,Chad Soper, b Masaba,4,36.36,0
10,9,Papua New Guinea,0,T20I no. 2640,17,Norman Vanua,c †Ssesazi b Kyewuta,5,50.00,0
6,10,Papua New Guinea,0,T20I no. 2640,10,Alei Nao, b Miyagi,5,83.33,0
2,11,Papua New Guinea,0,T20I no. 2640,2,John Kariko,,0,0.00,0
3,1,Uganda,0,T20I no. 2640,2,Roger Mukasa,lbw b Nao,0,0.00,0
3,2,Uganda,0,T20I no. 2640,13,Simon Ssesazi,lbw b Nao,1,33.33,0
2,3,Uganda,0,T20I no. 2640,4,Robinson Obuya,c Vala b Vanua,1,50.00,0
56,4,Uganda,1,T20I no. 2640,68,Riazat Ali Shah,c Kariko b Vanua,33,58.92,0
10,5,Uganda,1,T20I no. 2640,15,Alpesh Ramjani, b Soper,8,80.00,0
3,6,Uganda,0,T20I no. 2640,2,Dinesh Nakrani,c & b Vala,0,0.00,0
16,7,Uganda,0,T20I no. 2640,25,Juma Miyagi,run out (Vanua/Nao),13,81.25,0
16,8,Uganda,0,T20I no. 2640,19,Kenneth Waiswa,,7,43.75,0
1,9,Uganda,0,T20I no. 2640,3,Brian Masaba,,0,0.00,0
51,1,Australia,6,T20I no. 2641,91,David Warner,c Shoaib Khan b Kaleemullah,56,109.80,1
10,2,Australia,2,T20I no. 2641,13,Travis Head,c Khalid Kail b Bilal Khan,12,120.00,0
21,3,Australia,2,T20I no. 2641,25,Mitchell Marsh,c Shoaib Khan b Mehran Khan,14,66.66,0
1,4,Australia,0,T20I no. 2641,1,Glenn Maxwell,c Aqib Ilyas b Mehran Khan,0,0.00,0
36,5,Australia,2,T20I no. 2641,55,Marcus Stoinis,,67,186.11,6
4,6,Australia,2,T20I no. 2641,5,Tim David,run out (Ayaan Khan/†Athavale),9,225.00,0
16,1,Oman,1,T20I no. 2641,27,Kashyap Prajapati,lbw b Ellis,7,43.75,0
1,2,Oman,0,T20I no. 2641,3,Pratik Athavale,lbw b Starc,0,0.00,0
18,3,Oman,2,T20I no. 2641,29,Aqib Ilyas,c †Wade b Stoinis,18,100.00,1
7,4,Oman,0,T20I no. 2641,12,Zeeshan Maqsood,c †Wade b Stoinis,1,14.28,0
12,5,Oman,1,T20I no. 2641,24,Khalid Kail,c Maxwell b Starc,8,66.66,0
30,6,Oman,2,T20I no. 2641,42,Ayaan Khan,c Hazlewood b Zampa,36,120.00,2
4,7,Oman,0,T20I no. 2641,7,Shoaib Khan, b Zampa,0,0.00,0
16,8,Oman,1,T20I no. 2641,34,Mehran Khan,c David b Stoinis,27,168.75,2
10,9,Oman,1,T20I no. 2641,21,Shakeel Ahmed,c Warner b Ellis,11,110.00,0
4,10,Oman,0,T20I no. 2641,6,Kaleemullah,,6,150.00,0
2,11,Oman,0,T20I no. 2641,2,Bilal Khan,,1,50.00,0
8,1,Pakistan,0,T20I no. 2642,5,Mohammad Rizwan,c Taylor b Netravalkar,9,112.50,1
43,2,Pakistan,3,T20I no. 2642,76,Babar Azam,lbw b Jasdeep Singh,44,102.32,2
3,3,Pakistan,0,T20I no. 2642,5,Usman Khan,c Kumar b Kenjige,3,100.00,0
7,4,Pakistan,0,T20I no. 2642,11,Fakhar Zaman,c Taylor b Ali Khan,11,157.14,1
25,5,Pakistan,1,T20I no. 2642,35,Shadab Khan,c Netravalkar b Kenjige,40,160.00,3
1,6,Pakistan,0,T20I no. 2642,2,Azam Khan,lbw b Kenjige,0,0.00,0
14,7,Pakistan,3,T20I no. 2642,27,Iftikhar Ahmed,lbw b Netravalkar,18,128.57,0
16,8,Pakistan,1,T20I no. 2642,25,Shaheen Shah Afridi,,23,143.75,2
3,9,Pakistan,0,T20I no. 2642,11,Haris Rauf,,3,100.00,0
16,1,United States of America,1,T20I no. 2642,-,Steven Taylor,c Mohammad Rizwan b Naseem Shah,12,75.00,0
38,2,United States of America,7,T20I no. 2642,-,Monank Patel,c Mohammad Rizwan b Mohammad Amir,50,131.57,1
26,3,United States of America,5,T20I no. 2642,-,Andries Gous, b Haris Rauf,35,134.61,1
26,4,United States of America,2,T20I no. 2642,-,Aaron Jones,,36,138.46,2
14,5,United States of America,1,T20I no. 2642,-,Nitish Kumar,,14,100.00,0
3,1,Namibia,0,T20I no. 2643,2,JP Kotze,c McMullen b Wheal,0,0.00,0
12,2,Namibia,4,T20I no. 2643,24,Nikolaas Davin,c Currie b Sole,20,166.66,0
14,3,Namibia,2,T20I no. 2643,13,Jan Frylinck, b Currie,12,85.71,0
31,4,Namibia,5,T20I no. 2643,44,Gerhard Erasmus,st †Cross b Leask,52,167.74,2
8,5,Namibia,0,T20I no. 2643,13,Malan Kruger,c Jones b Greaves,2,25.00,0
27,6,Namibia,1,T20I no. 2643,39,Zane Green,c Jones b Wheal,28,103.70,1
13,7,Namibia,0,T20I no. 2643,14,David Wiese,c Watt b Wheal,14,107.69,1
2,8,Namibia,0,T20I no. 2643,5,Ruben Trumpelmann,c Wheal b Currie,1,50.00,0
8,9,Namibia,0,T20I no. 2643,9,JJ Smit,run out (Jones/Wheal),11,137.50,1
4,10,Namibia,0,T20I no. 2643,9,Bernard Scholtz,,6,150.00,0
0,11,Namibia,0,T20I no. 2643,3,Tangeni Lungameni,,0,-,0
15,1,Scotland,0,T20I no. 2643,21,George Munsey,c Wiese b Lungameni,7,46.66,0
20,2,Scotland,3,T20I no. 2643,38,Michael Jones,c †Green b Erasmus,26,130.00,1
17,3,Scotland,2,T20I no. 2643,25,Brandon McMullen,st †Green b Erasmus,19,111.76,0
35,4,Scotland,2,T20I no. 2643,48,Richie Berrington,,47,134.28,2
5,5,Scotland,0,T20I no. 2643,4,Matthew Cross,lbw b Scholtz,3,60.00,0
17,6,Scotland,0,T20I no. 2643,29,Michael Leask,c Wiese b Trumpelmann,35,205.88,4
3,7,Scotland,0,T20I no. 2643,4,Chris Greaves,,4,133.33,0
13,1,Canada,3,T20I no. 2644,23,Aaron Johnson,c Campher b Young,14,107.69,0
10,2,Canada,1,T20I no. 2644,10,Navneet Dhaliwal,c Dockrell b Adair,6,60.00,0
14,3,Canada,2,T20I no. 2644,21,Pargat Singh,c Little b Young,18,128.57,0
9,4,Canada,1,T20I no. 2644,15,Dilpreet Bajwa,c & b Delany,7,77.77,0
35,5,Canada,3,T20I no. 2644,56,Nicholas Kirton,c Balbirnie b McCarthy,49,140.00,2
36,6,Canada,3,T20I no. 2644,56,Shreyas Movva,run out (McCarthy/†Tucker),37,102.77,0
2,7,Canada,0,T20I no. 2644,1,Dilon Heyliger,c Little b McCarthy,0,0.00,0
1,8,Canada,0,T20I no. 2644,4,Saad Bin Zafar,,1,100.00,0
19,1,Ireland,1,T20I no. 2644,29,Andy Balbirnie,c & b Junaid Siddiqui,17,89.47,0
17,2,Ireland,1,T20I no. 2644,25,Paul Stirling,c †Movva b Gordon,9,52.94,0
15,3,Ireland,0,T20I no. 2644,21,Lorcan Tucker,run out (Kirton/Saad Bin Zafar),10,66.66,0
5,4,Ireland,0,T20I no. 2644,6,Harry Tector, b Saad Bin Zafar,7,140.00,0
7,5,Ireland,0,T20I no. 2644,16,Curtis Campher,c Johnson b Heyliger,4,57.14,0
23,6,Ireland,2,T20I no. 2644,47,George Dockrell,,30,130.43,1
7,7,Ireland,0,T20I no. 2644,5,Gareth Delany,c †Movva b Heyliger,3,42.85,0
24,8,Ireland,3,T20I no. 2644,33,Mark Adair,c & b Gordon,34,141.66,1
3,9,Ireland,0,T20I no. 2644,2,Barry McCarthy,,2,66.66,0
56,1,Afghanistan,5,T20I no. 2645,92,Rahmanullah Gurbaz, b Boult,80,142.85,5
41,2,Afghanistan,3,T20I no. 2645,66,Ibrahim Zadran, b Henry,44,107.31,2
13,3,Afghanistan,1,T20I no. 2645,9,Azmatullah Omarzai,c Ferguson b Henry,22,169.23,2
1,4,Afghanistan,0,T20I no. 2645,3,Mohammad Nabi,c Williamson b Ferguson,0,0.00,0
5,5,Afghanistan,1,T20I no. 2645,8,Rashid Khan,run out (†Conway/Boult),6,120.00,0
1,6,Afghanistan,0,T20I no. 2645,6,Karim Janat,,1,100.00,0
2,7,Afghanistan,0,T20I no. 2645,3,Gulbadin Naib,c Phillips b Boult,0,0.00,0
1,8,Afghanistan,0,T20I no. 2645,1,Najibullah Zadran,,1,100.00,0
1,1,New Zealand,0,T20I no. 2645,1,Finn Allen, b Fazalhaq Farooqi,0,0.00,0
10,2,New Zealand,1,T20I no. 2645,16,Devon Conway,c Ibrahim Zadran b Fazalhaq Farooqi,8,80.00,0
13,3,New Zealand,1,T20I no. 2645,38,Kane Williamson,c Gulbadin Naib b Rashid Khan,9,69.23,0
5,4,New Zealand,1,T20I no. 2645,10,Daryl Mitchell,c †Rahmanullah Gurbaz b Fazalhaq Farooqi,5,100.00,0
18,5,New Zealand,2,T20I no. 2645,28,Glenn Phillips,c Rashid Khan b Mohammad Nabi,18,100.00,0
7,6,New Zealand,0,T20I no. 2645,8,Mark Chapman, b Rashid Khan,4,57.14,0
1,7,New Zealand,0,T20I no. 2645,2,Michael Bracewell,lbw b Rashid Khan,0,0.00,0
8,8,New Zealand,0,T20I no. 2645,12,Mitchell Santner, b Mohammad Nabi,4,50.00,0
17,9,New Zealand,0,T20I no. 2645,21,Matt Henry,c Karim Janat b Fazalhaq Farooqi,12,70.58,1
5,10,New Zealand,0,T20I no. 2645,3,Lockie Ferguson,c & b Rashid Khan,2,40.00,0
7,11,New Zealand,0,T20I no. 2645,10,Trent Boult,,3,42.85,0
28,1,Sri Lanka,7,T20I no. 2646,40,Pathum Nissanka,c Najmul Hossain Shanto b Mustafizur Rahman,47,167.85,1
8,2,Sri Lanka,2,T20I no. 2646,11,Kusal Mendis, b Taskin Ahmed,10,125.00,0
5,3,Sri Lanka,1,T20I no. 2646,11,Kamindu Mendis,c Tanzim Hasan Sakib b Mustafizur Rahman,4,80.00,0
26,4,Sri Lanka,1,T20I no. 2646,51,Dhananjaya de Silva,st †Litton Das b Rishad Hossain,21,80.76,0
21,5,Sri Lanka,0,T20I no. 2646,23,Charith Asalanka,c Shakib Al Hasan b Rishad Hossain,19,90.47,1
1,6,Sri Lanka,0,T20I no. 2646,1,Wanindu Hasaranga,c Soumya Sarkar b Rishad Hossain,0,0.00,0
19,7,Sri Lanka,1,T20I no. 2646,27,Angelo Mathews,c Mustafizur Rahman b Tanzim Hasan Sakib,16,84.21,0
7,8,Sri Lanka,0,T20I no. 2646,8,Dasun Shanaka,c †Litton Das b Taskin Ahmed,3,42.85,0
3,9,Sri Lanka,0,T20I no. 2646,4,Maheesh Theekshana,c Tanzim Hasan Sakib b Mustafizur Rahman,0,0.00,0
1,10,Sri Lanka,0,T20I no. 2646,7,Matheesha Pathirana,,0,0.00,0
1,11,Sri Lanka,0,T20I no. 2646,1,Nuwan Thushara,,0,0.00,0
6,1,Bangladesh,0,T20I no. 2646,8,Tanzid Hasan, b Thushara,3,50.00,0
2,2,Bangladesh,0,T20I no. 2646,2,Soumya Sarkar,c Hasaranga b de Silva,0,0.00,0
38,3,Bangladesh,2,T20I no. 2646,63,Litton Das,lbw b Hasaranga,36,94.73,1
13,4,Bangladesh,0,T20I no. 2646,16,Najmul Hossain Shanto,c Asalanka b Thushara,7,53.84,0
20,5,Bangladesh,1,T20I no. 2646,28,Towhid Hridoy,lbw b Hasaranga,40,200.00,4
14,6,Bangladesh,0,T20I no. 2646,19,Shakib Al Hasan,c Theekshana b Pathirana,8,57.14,0
13,7,Bangladesh,0,T20I no. 2646,29,Mahmudullah,,16,123.07,1
3,8,Bangladesh,0,T20I no. 2646,6,Rishad Hossain, b Thushara,1,33.33,0
1,9,Bangladesh,0,T20I no. 2646,1,Taskin Ahmed,lbw b Thushara,0,0.00,0
4,10,Bangladesh,0,T20I no. 2646,10,Tanzim Hasan Sakib,,1,25.00,0
3,1,Netherlands,0,T20I no. 2649,4,Michael Levitt,c †de Kock b Jansen,0,0.00,0
6,2,Netherlands,0,T20I no. 2649,19,Max O'Dowd,c Jansen b Baartman,2,33.33,0
17,3,Netherlands,1,T20I no. 2649,19,Vikramjit Singh, b Jansen,12,70.58,0
45,4,Netherlands,2,T20I no. 2649,63,Sybrand Engelbrecht,c Jansen b Baartman,40,88.88,1
16,5,Netherlands,0,T20I no. 2649,17,Bas de Leede,c Miller b Nortje,6,37.50,0
9,6,Netherlands,0,T20I no. 2649,8,Scott Edwards,run out (Markram),10,111.11,1
1,7,Netherlands,0,T20I no. 2649,2,Teja Nidamanuru,c Klaasen b Nortje,0,0.00,0
22,8,Netherlands,3,T20I no. 2649,34,Logan van Beek,c Nortje b Baartman,23,104.54,0
2,9,Netherlands,0,T20I no. 2649,1,Tim Pringle,c Markram b Baartman,0,0.00,0
1,10,Netherlands,0,T20I no. 2649,2,Paul van Meekeren,,1,100.00,0
10,1,South Africa,0,T20I no. 2649,8,Reeza Hendricks, b van Beek,3,30.00,0
0,2,South Africa,0,T20I no. 2649,1,Quinton de Kock,run out (van Meekeren/O'Dowd),0,-,0
3,3,South Africa,0,T20I no. 2649,13,Aiden Markram,c †Edwards b Kingma,0,0.00,0
37,4,South Africa,1,T20I no. 2649,70,Tristan Stubbs,c van Beek b de Leede,33,89.18,1
7,5,South Africa,0,T20I no. 2649,8,Heinrich Klaasen,c Pringle b Kingma,4,57.14,0
51,6,South Africa,3,T20I no. 2649,67,David Miller,,59,115.68,4
5,7,South Africa,0,T20I no. 2649,8,Marco Jansen, b van Beek,3,60.00,0
1,8,South Africa,0,T20I no. 2649,4,Keshav Maharaj,,0,0.00,0
18,1,Australia,2,T20I no. 2650,25,Travis Head, b Archer,34,188.88,3
16,2,Australia,2,T20I no. 2650,22,David Warner, b Ali,39,243.75,4
25,3,Australia,2,T20I no. 2650,43,Mitchell Marsh,st †Buttler b Livingstone,35,140.00,2
25,4,Australia,3,T20I no. 2650,44,Glenn Maxwell,c Salt b Rashid,28,112.00,1
17,5,Australia,2,T20I no. 2650,30,Marcus Stoinis,c Brook b Jordan,30,176.47,2
8,6,Australia,0,T20I no. 2650,10,Tim David,c Livingstone b Jordan,11,137.50,1
10,7,Australia,3,T20I no. 2650,21,Matthew Wade,,17,170.00,0
1,8,Australia,0,T20I no. 2650,1,Pat Cummins,run out (†Buttler/Jordan),0,0.00,0
0,9,Australia,0,T20I no. 2650,3,Mitchell Starc,,0,-,0
23,1,England,4,T20I no. 2650,36,Phil Salt, b Zampa,37,160.86,2
28,2,England,5,T20I no. 2650,47,Jos Buttler,c Cummins b Zampa,42,150.00,2
10,3,England,1,T20I no. 2650,15,Will Jacks,c Starc b Stoinis,10,100.00,0
13,4,England,0,T20I no. 2650,17,Jonny Bairstow,c Maxwell b Hazlewood,7,53.84,0
15,5,England,0,T20I no. 2650,21,Moeen Ali,c Warner b Cummins,25,166.66,3
16,6,England,2,T20I no. 2650,28,Harry Brook,,20,125.00,0
12,7,England,0,T20I no. 2650,13,Liam Livingstone,c Starc b Cummins,15,125.00,1
3,8,England,0,T20I no. 2650,5,Chris Jordan,,1,33.33,0
8,1,West Indies,2,T20I no. 2651,20,Brandon King, b Ramjani,13,162.50,0
42,2,West Indies,4,T20I no. 2651,53,Johnson Charles,c Ramjani b Nakrani,44,104.76,2
17,3,West Indies,0,T20I no. 2651,17,Nicholas Pooran,c & b Masaba,22,129.41,3
18,4,West Indies,1,T20I no. 2651,26,Rovman Powell,c Obuya b Masaba,23,127.77,1
16,5,West Indies,2,T20I no. 2651,23,Sherfane Rutherford, b Kyewuta,22,137.50,1
17,6,West Indies,6,T20I no. 2651,23,Andre Russell,,30,176.47,0
5,7,West Indies,0,T20I no. 2651,13,Romario Shepherd,,5,100.00,0
2,1,Uganda,0,T20I no. 2651,1,Roger Mukasa,lbw b Hosein,0,0.00,0
3,2,Uganda,1,T20I no. 2651,6,Simon Ssesazi,c Joseph b Shepherd,4,133.33,0
8,3,Uganda,1,T20I no. 2651,12,Robinson Obuya, b Russell,6,75.00,0
6,4,Uganda,1,T20I no. 2651,5,Alpesh Ramjani,lbw b Hosein,5,83.33,0
10,5,Uganda,0,T20I no. 2651,20,Kenneth Waiswa,lbw b Hosein,1,10.00,0
8,6,Uganda,0,T20I no. 2651,5,Riazat Ali Shah, b Hosein,3,37.50,0
2,7,Uganda,0,T20I no. 2651,7,Dinesh Nakrani, b Hosein,0,0.00,0
4,8,Uganda,0,T20I no. 2651,8,Brian Masaba,c †Pooran b Joseph,1,25.00,0
20,9,Uganda,0,T20I no. 2651,20,Juma Miyagi,,13,65.00,0
6,10,Uganda,0,T20I no. 2651,10,Cosmas Kyewuta,lbw b Motie,1,16.66,0
3,11,Uganda,0,T20I no. 2651,4,Frank Nsubuga, b Joseph,0,0.00,0
12,1,India,1,T20I no. 2658,15,Rohit Sharma,c Haris Rauf b Shaheen Shah Afridi,13,108.33,1
3,2,India,1,T20I no. 2658,7,Virat Kohli,c Usman Khan b Naseem Shah,4,133.33,0
31,3,India,6,T20I no. 2658,65,Rishabh Pant,c Babar Azam b Mohammad Amir,42,135.48,0
18,4,India,2,T20I no. 2658,26,Axar Patel, b Naseem Shah,20,111.11,1
8,5,India,1,T20I no. 2658,16,Suryakumar Yadav,c Mohammad Amir b Haris Rauf,7,87.50,0
9,6,India,0,T20I no. 2658,7,Shivam Dube,c & b Naseem Shah,3,33.33,0
12,7,India,1,T20I no. 2658,24,Hardik Pandya,c Iftikhar Ahmed b Haris Rauf,7,58.33,0
1,8,India,0,T20I no. 2658,1,Ravindra Jadeja,c Imad Wasim b Mohammad Amir,0,0.00,0
13,9,India,1,T20I no. 2658,26,Arshdeep Singh,run out (Babar Azam/†Mohammad Rizwan),9,69.23,0
1,10,India,0,T20I no. 2658,1,Jasprit Bumrah,c Imad Wasim b Haris Rauf,0,0.00,0
7,11,India,0,T20I no. 2658,7,Mohammed Siraj,,7,100.00,0
44,1,Pakistan,1,T20I no. 2658,67,Mohammad Rizwan, b Bumrah,31,70.45,1
10,2,Pakistan,2,T20I no. 2658,23,Babar Azam,c Yadav b Bumrah,13,130.00,0
15,3,Pakistan,1,T20I no. 2658,23,Usman Khan,lbw b Patel,13,86.66,0
8,4,Pakistan,1,T20I no. 2658,8,Fakhar Zaman,c †Pant b Pandya,13,162.50,1
23,5,Pakistan,1,T20I no. 2658,40,Imad Wasim,c †Pant b Arshdeep Singh,15,65.21,0
7,6,Pakistan,0,T20I no. 2658,10,Shadab Khan,c †Pant b Pandya,4,57.14,0
9,7,Pakistan,0,T20I no. 2658,14,Iftikhar Ahmed,c Arshdeep Singh b Bumrah,5,55.55,0
1,8,Pakistan,0,T20I no. 2658,4,Shaheen Shah Afridi,,0,0.00,0
4,9,Pakistan,2,T20I no. 2658,3,Naseem Shah,,10,250.00,0
40,1,Oman,5,T20I no. 2659,65,Pratik Athavale,c McMullen b Greaves,54,135.00,2
9,2,Oman,0,T20I no. 2659,11,Naseem Khushi,c Watt b Sole,10,111.11,1
6,3,Oman,2,T20I no. 2659,11,Aqib Ilyas,lbw b Sharif,16,266.66,1
4,4,Oman,0,T20I no. 2659,6,Zeeshan Maqsood,c †Cross b Watt,3,75.00,0
7,5,Oman,0,T20I no. 2659,8,Khalid Kail,run out (Sole/Watt),5,71.42,0
39,6,Oman,4,T20I no. 2659,44,Ayaan Khan,,41,105.12,0
10,7,Oman,2,T20I no. 2659,10,Mehran Khan,c †Cross b Sharif,13,130.00,0
3,8,Oman,0,T20I no. 2659,2,Rafiullah,c Sharif b Wheal,0,0.00,0
2,9,Oman,0,T20I no. 2659,5,Shakeel Ahmed,,3,150.00,0
20,1,Scotland,2,T20I no. 2659,35,George Munsey,c Shakeel Ahmed b Mehran Khan,41,205.00,4
13,2,Scotland,1,T20I no. 2659,12,Michael Jones,c Mehran Khan b Bilal Khan,16,123.07,2
31,3,Scotland,9,T20I no. 2659,42,Brandon McMullen,,61,196.77,2
7,4,Scotland,1,T20I no. 2659,7,Richie Berrington, b Aqib Ilyas,13,185.71,1
8,5,Scotland,0,T20I no. 2659,12,Matthew Cross,,15,187.50,2
11,1,South Africa,1,T20I no. 2664,13,Quinton de Kock, b Tanzim Hasan Sakib,18,163.63,2
1,2,South Africa,0,T20I no. 2664,4,Reeza Hendricks,lbw b Tanzim Hasan Sakib,0,0.00,0
8,3,South Africa,1,T20I no. 2664,14,Aiden Markram, b Taskin Ahmed,4,50.00,0
5,4,South Africa,0,T20I no. 2664,9,Tristan Stubbs,c Shakib Al Hasan b Tanzim Hasan Sakib,0,0.00,0
44,5,South Africa,2,T20I no. 2664,60,Heinrich Klaasen, b Taskin Ahmed,46,104.54,3
38,6,South Africa,1,T20I no. 2664,62,David Miller, b Rishad Hossain,29,76.31,1
5,7,South Africa,0,T20I no. 2664,13,Marco Jansen,,5,100.00,0
8,8,South Africa,0,T20I no. 2664,7,Keshav Maharaj,,4,50.00,0
9,1,Bangladesh,2,T20I no. 2664,8,Tanzid Hasan,c †de Kock b Rabada,9,100.00,0
23,2,Bangladesh,0,T20I no. 2664,44,Najmul Hossain Shanto,c Markram b Nortje,14,60.86,1
13,3,Bangladesh,1,T20I no. 2664,18,Litton Das,c Miller b Maharaj,9,69.23,0
4,4,Bangladesh,0,T20I no. 2664,6,Shakib Al Hasan,c Markram b Nortje,3,75.00,0
34,5,Bangladesh,2,T20I no. 2664,46,Towhid Hridoy,lbw b Rabada,37,108.82,2
27,6,Bangladesh,2,T20I no. 2664,54,Mahmudullah,c Markram b Maharaj,20,74.07,0
9,7,Bangladesh,0,T20I no. 2664,11,Jaker Ali,c Markram b Maharaj,8,88.88,0
1,8,Bangladesh,0,T20I no. 2664,5,Rishad Hossain,,0,0.00,0
1,9,Bangladesh,0,T20I no. 2664,1,Taskin Ahmed,,1,100.00,0
44,1,Canada,4,T20I no. 2665,64,Aaron Johnson, b Naseem Shah,52,118.18,4
7,2,Canada,1,T20I no. 2665,13,Navneet Dhaliwal, b Mohammad Amir,4,57.14,0
6,3,Canada,0,T20I no. 2665,9,Pargat Singh,c Fakhar Zaman b Shaheen Shah Afridi,2,33.33,0
6,4,Canada,0,T20I no. 2665,10,Nicholas Kirton,run out (Imad Wasim),1,16.66,0
9,5,Canada,0,T20I no. 2665,11,Shreyas Movva,c †Mohammad Rizwan b Haris Rauf,2,22.22,0
2,6,Canada,0,T20I no. 2665,1,Ravinderpal Singh,c Fakhar Zaman b Haris Rauf,0,0.00,0
21,7,Canada,1,T20I no. 2665,29,Saad Bin Zafar,c †Mohammad Rizwan b Mohammad Amir,10,47.61,0
14,8,Canada,0,T20I no. 2665,27,Kaleem Sana,,13,92.85,1
11,9,Canada,1,T20I no. 2665,12,Dilon Heyliger,,9,81.81,0
53,1,Pakistan,2,T20I no. 2665,83,Mohammad Rizwan,,53,100.00,1
12,2,Pakistan,0,T20I no. 2665,22,Saim Ayub,c †Movva b Heyliger,6,50.00,0
33,3,Pakistan,1,T20I no. 2665,43,Babar Azam,c †Movva b Heyliger,33,100.00,1
6,4,Pakistan,0,T20I no. 2665,15,Fakhar Zaman,c sub (DS Bajwa) b Gordon,4,66.66,0
1,5,Pakistan,0,T20I no. 2665,1,Usman Khan,,2,200.00,0
10,1,Namibia,2,T20I no. 2666,20,Michael van Lingen,c Maxwell b Hazlewood,10,100.00,0
7,2,Namibia,0,T20I no. 2666,12,Nikolaas Davin,c Maxwell b Hazlewood,2,28.57,0
6,3,Namibia,0,T20I no. 2666,4,Jan Frylinck,c Marsh b Cummins,1,16.66,0
43,4,Namibia,4,T20I no. 2666,64,Gerhard Erasmus,c Maxwell b Stoinis,36,83.72,1
9,5,Namibia,0,T20I no. 2666,15,JJ Smit,lbw b Ellis,3,33.33,0
4,6,Namibia,0,T20I no. 2666,6,Zane Green,lbw b Zampa,1,25.00,0
7,7,Namibia,0,T20I no. 2666,7,David Wiese,c Hazlewood b Zampa,1,14.28,0
7,8,Namibia,0,T20I no. 2666,8,Ruben Trumpelmann,c Maxwell b Zampa,7,100.00,1
2,9,Namibia,0,T20I no. 2666,1,Bernard Scholtz, b Zampa,0,0.00,0
3,10,Namibia,0,T20I no. 2666,22,Jack Brassell,,2,66.66,0
4,11,Namibia,0,T20I no. 2666,3,Ben Shikongo,c David b Stoinis,0,0.00,0
8,1,Australia,3,T20I no. 2666,7,David Warner,c Trumpelmann b Wiese,20,250.00,1
17,2,Australia,5,T20I no. 2666,24,Travis Head,,34,200.00,2
9,3,Australia,3,T20I no. 2666,16,Mitchell Marsh,,18,200.00,1
1,1,United States of America,0,T20I no. 2671,1,Shayan Jahangir,lbw b Arshdeep Singh,0,0.00,0
30,2,United States of America,0,T20I no. 2671,57,Steven Taylor, b Patel,24,80.00,2
5,3,United States of America,0,T20I no. 2671,4,Andries Gous,c Pandya b Arshdeep Singh,2,40.00,0
22,4,United States of America,0,T20I no. 2671,29,Aaron Jones,c Mohammed Siraj b Pandya,11,50.00,1
23,5,United States of America,2,T20I no. 2671,33,Nitish Kumar,c Mohammed Siraj b Arshdeep Singh,27,117.39,1
12,6,United States of America,1,T20I no. 2671,25,Corey Anderson,c †Pant b Pandya,15,125.00,1
10,7,United States of America,0,T20I no. 2671,16,Harmeet Singh,c †Pant b Arshdeep Singh,10,100.00,1
10,8,United States of America,1,T20I no. 2671,15,Shadley van Schalkwyk,,11,110.00,0
7,9,United States of America,0,T20I no. 2671,11,Jasdeep Singh,run out (†Pant/Mohammed Siraj),2,28.57,0
6,1,India,0,T20I no. 2671,12,Rohit Sharma,c Harmeet Singh b Netravalkar,3,50.00,0
1,2,India,0,T20I no. 2671,1,Virat Kohli,c †Gous b Netravalkar,0,0.00,0
20,3,India,1,T20I no. 2671,38,Rishabh Pant, b Ali Khan,18,90.00,1
49,4,India,2,T20I no. 2671,80,Suryakumar Yadav,,50,102.04,2
35,5,India,1,T20I no. 2671,51,Shivam Dube,,31,88.57,1
12,1,West Indies,0,T20I no. 2672,36,Brandon King,c †Conway b Neesham,9,75.00,1
5,2,West Indies,0,T20I no. 2672,3,Johnson Charles, b Boult,0,0.00,0
12,3,West Indies,3,T20I no. 2672,12,Nicholas Pooran,c †Conway b Southee,17,141.66,0
3,4,West Indies,0,T20I no. 2672,3,Roston Chase,c Ravindra b Ferguson,0,0.00,0
5,5,West Indies,0,T20I no. 2672,5,Rovman Powell,c †Conway b Southee,1,20.00,0
39,6,West Indies,2,T20I no. 2672,72,Sherfane Rutherford,,68,174.35,6
17,7,West Indies,0,T20I no. 2672,17,Akeal Hosein,c Neesham b Santner,15,88.23,1
7,8,West Indies,2,T20I no. 2672,8,Andre Russell,c Ferguson b Boult,14,200.00,1
13,9,West Indies,0,T20I no. 2672,19,Romario Shepherd,lbw b Ferguson,13,100.00,1
6,10,West Indies,1,T20I no. 2672,6,Alzarri Joseph, b Boult,6,100.00,0
1,11,West Indies,0,T20I no. 2672,11,Gudakesh Motie,,0,0.00,0
8,1,New Zealand,0,T20I no. 2672,13,Devon Conway,c Chase b Hosein,5,62.50,0
23,2,New Zealand,3,T20I no. 2672,25,Finn Allen,c Russell b Joseph,26,113.04,1
13,3,New Zealand,0,T20I no. 2672,27,Rachin Ravindra,c Russell b Motie,10,76.92,0
2,4,New Zealand,0,T20I no. 2672,4,Kane Williamson,c †Pooran b Motie,1,50.00,0
13,5,New Zealand,1,T20I no. 2672,18,Daryl Mitchell, b Motie,12,92.30,0
33,6,New Zealand,3,T20I no. 2672,40,Glenn Phillips,c Powell b Joseph,40,121.21,2
11,7,New Zealand,0,T20I no. 2672,18,James Neesham,c King b Joseph,10,90.90,1
12,8,New Zealand,0,T20I no. 2672,24,Mitchell Santner,,21,175.00,3
1,9,New Zealand,0,T20I no. 2672,1,Tim Southee,c & b Joseph,0,0.00,0
4,10,New Zealand,0,T20I no. 2672,5,Trent Boult,c Chase b Russell,7,175.00,1
0,11,New Zealand,0,T20I no. 2672,3,Lockie Ferguson,,0,-,0
26,1,Bangladesh,5,T20I no. 2677,45,Tanzid Hasan,c de Leede b van Meekeren,35,134.61,1
3,2,Bangladesh,0,T20I no. 2677,6,Najmul Hossain Shanto,c Vikramjit Singh b Dutt,1,33.33,0
2,3,Bangladesh,0,T20I no. 2677,12,Litton Das,c Engelbrecht b Dutt,1,50.00,0
46,4,Bangladesh,9,T20I no. 2677,74,Shakib Al Hasan,,64,139.13,0
15,5,Bangladesh,0,T20I no. 2677,13,Towhid Hridoy, b Pringle,9,60.00,0
21,6,Bangladesh,2,T20I no. 2677,22,Mahmudullah,c Engelbrecht b van Meekeren,25,119.04,2
7,7,Bangladesh,3,T20I no. 2677,11,Jaker Ali,,14,200.00,0
16,1,Netherlands,2,T20I no. 2677,17,Michael Levitt,c Towhid Hridoy b Taskin Ahmed,18,112.50,1
16,2,Netherlands,3,T20I no. 2677,23,Max O'Dowd,c & b Tanzim Hasan Sakib,12,75.00,0
16,3,Netherlands,0,T20I no. 2677,22,Vikramjit Singh,st †Litton Das b Mahmudullah,26,162.50,3
22,4,Netherlands,3,T20I no. 2677,36,Sybrand Engelbrecht,c Tanzim Hasan Sakib b Rishad Hossain,33,150.00,1
23,5,Netherlands,3,T20I no. 2677,28,Scott Edwards,c Jaker Ali b Mustafizur Rahman,25,108.69,0
2,6,Netherlands,0,T20I no. 2677,1,Bas de Leede,st †Litton Das b Rishad Hossain,0,0.00,0
3,7,Netherlands,0,T20I no. 2677,10,Logan van Beek,c & b Rishad Hossain,2,66.66,0
10,8,Netherlands,0,T20I no. 2677,16,Tim Pringle, b Taskin Ahmed,1,10.00,0
12,9,Netherlands,1,T20I no. 2677,11,Aryan Dutt,,15,125.00,1
3,1,Oman,1,T20I no. 2678,6,Pratik Athavale,c Salt b Archer,5,166.66,0
16,2,Oman,0,T20I no. 2678,28,Kashyap Prajapati,c Livingstone b Wood,9,56.25,1
10,3,Oman,1,T20I no. 2678,9,Aqib Ilyas,c Jacks b Archer,8,80.00,0
5,4,Oman,0,T20I no. 2678,7,Zeeshan Maqsood,c & b Wood,1,20.00,0
3,5,Oman,0,T20I no. 2678,6,Khalid Kail,st †Buttler b Rashid,1,33.33,0
5,6,Oman,0,T20I no. 2678,11,Ayaan Khan, b Wood,1,20.00,0
23,7,Oman,1,T20I no. 2678,31,Shoaib Khan,c †Buttler b Archer,11,47.82,0
2,8,Oman,0,T20I no. 2678,2,Mehran Khan,c Ali b Rashid,0,0.00,0
7,9,Oman,0,T20I no. 2678,7,Fayyaz Butt, b Rashid,2,28.57,0
5,10,Oman,1,T20I no. 2678,8,Kaleemullah, b Rashid,5,100.00,0
1,11,Oman,0,T20I no. 2678,3,Bilal Khan,,0,0.00,0
3,1,England,0,T20I no. 2678,2,Phil Salt, b Bilal Khan,12,400.00,2
8,2,England,4,T20I no. 2678,17,Jos Buttler,,24,300.00,1
7,3,England,1,T20I no. 2678,7,Will Jacks,c Prajapati b Kaleemullah,5,71.42,0
2,4,England,2,T20I no. 2678,6,Jonny Bairstow,,8,400.00,0
18,1,Papua New Guinea,1,T20I no. 2679,31,Tony Ura, b Naveen-ul-Haq,11,61.11,0
2,2,Papua New Guinea,0,T20I no. 2679,9,Assad Vala,run out (Fazalhaq Farooqi/†Rahmanullah Gurbaz),3,150.00,0
1,3,Papua New Guinea,0,T20I no. 2679,1,Lega Siaka,c †Rahmanullah Gurbaz b Fazalhaq Farooqi,0,0.00,0
1,4,Papua New Guinea,0,T20I no. 2679,1,Sese Bau,c †Rahmanullah Gurbaz b Fazalhaq Farooqi,0,0.00,0
3,5,Papua New Guinea,0,T20I no. 2679,4,Hiri Hiri, b Naveen-ul-Haq,1,33.33,0
26,6,Papua New Guinea,0,T20I no. 2679,27,Chad Soper,run out (Noor Ahmad/Rashid Khan),9,34.61,0
32,7,Papua New Guinea,2,T20I no. 2679,46,Kiplin Doriga,lbw b Noor Ahmad,27,84.37,0
7,8,Papua New Guinea,0,T20I no. 2679,10,Norman Vanua,run out (Rashid Khan),0,0.00,0
19,9,Papua New Guinea,2,T20I no. 2679,25,Alei Nao,c Rashid Khan b Fazalhaq Farooqi,13,68.42,0
7,10,Papua New Guinea,1,T20I no. 2679,10,John Kariko,,4,57.14,0
3,11,Papua New Guinea,0,T20I no. 2679,7,Semo Kamea,run out (†Rahmanullah Gurbaz),2,66.66,0
7,1,Afghanistan,1,T20I no. 2679,15,Rahmanullah Gurbaz, b Nao,11,157.14,1
7,2,Afghanistan,0,T20I no. 2679,9,Ibrahim Zadran, b Kamea,0,0.00,0
36,3,Afghanistan,4,T20I no. 2679,60,Gulbadin Naib,,49,136.11,2
18,4,Afghanistan,1,T20I no. 2679,26,Azmatullah Omarzai, b Vanua,13,72.22,0
23,5,Afghanistan,1,T20I no. 2679,27,Mohammad Nabi,,16,69.56,0
49,1,South Africa,5,T20I no. 2681,64,Reeza Hendricks,c & b Airee,43,87.75,1
11,2,South Africa,1,T20I no. 2681,14,Quinton de Kock,c & b Airee,10,90.90,0
22,3,South Africa,2,T20I no. 2681,27,Aiden Markram, b Bhurtel,15,68.18,0
5,4,South Africa,0,T20I no. 2681,6,Heinrich Klaasen,c Karan KC b Bhurtel,3,60.00,0
10,5,South Africa,0,T20I no. 2681,18,David Miller,c Lamichhane b Airee,7,70.00,0
18,6,South Africa,2,T20I no. 2681,18,Tristan Stubbs,,27,150.00,1
4,7,South Africa,0,T20I no. 2681,9,Marco Jansen,c Sah b Bhurtel,1,25.00,0
1,8,South Africa,0,T20I no. 2681,1,Kagiso Rabada,st †Aasif Sheikh b Bhurtel,0,0.00,0
21,1,Nepal,1,T20I no. 2681,31,Kushal Bhurtel, b Shamsi,13,61.90,1
49,2,Nepal,4,T20I no. 2681,77,Aasif Sheikh, b Shamsi,42,85.71,1
2,3,Nepal,0,T20I no. 2681,1,Rohit Paudel, b Shamsi,0,0.00,0
24,4,Nepal,3,T20I no. 2681,25,Anil Sah,c Jansen b Markram,27,112.50,1
11,5,Nepal,0,T20I no. 2681,15,Dipendra Singh Airee,c †de Kock b Shamsi,6,54.54,0
3,6,Nepal,0,T20I no. 2681,4,Kushal Malla, b Nortje,1,33.33,0
6,7,Nepal,1,T20I no. 2681,13,Gulsan Jha,run out (†de Kock/Klaasen),6,100.00,0
4,8,Nepal,0,T20I no. 2681,9,Sompal Kami,,8,200.00,1
20,1,Uganda,0,T20I no. 2682,36,Ronak Patel,c †Conway b Santner,2,10.00,0
1,2,Uganda,0,T20I no. 2682,2,Simon Ssesazi,lbw b Boult,0,0.00,0
1,3,Uganda,0,T20I no. 2682,1,Robinson Obuya, b Boult,0,0.00,0
6,4,Uganda,0,T20I no. 2682,15,Alpesh Ramjani,lbw b Southee,0,0.00,0
18,5,Uganda,2,T20I no. 2682,22,Kenneth Waiswa, b Ferguson,11,61.11,0
13,6,Uganda,0,T20I no. 2682,21,Riazat Ali Shah,c †Conway b Ravindra,2,15.38,0
13,7,Uganda,0,T20I no. 2682,24,Dinesh Nakrani,c Phillips b Ravindra,4,30.76,0
20,8,Uganda,0,T20I no. 2682,33,Brian Masaba,,3,15.00,0
13,9,Uganda,1,T20I no. 2682,16,Fred Achelam,lbw b Southee,9,69.23,0
1,10,Uganda,0,T20I no. 2682,2,Juma Miyagi,lbw b Southee,0,0.00,0
6,11,Uganda,0,T20I no. 2682,4,Cosmas Kyewuta,c Mitchell b Santner,1,16.66,0
17,1,New Zealand,1,T20I no. 2682,24,Finn Allen,c Achelam b Riazat Ali Shah,9,52.94,0
15,2,New Zealand,4,T20I no. 2682,31,Devon Conway,,22,146.66,0
1,3,New Zealand,0,T20I no. 2682,6,Rachin Ravindra,,1,100.00,0
8,1,England,2,T20I no. 2688,11,Phil Salt,c †Green b Wiese,11,137.50,0
4,2,England,0,T20I no. 2688,6,Jos Buttler, b Trumpelmann,0,0.00,0
18,3,England,3,T20I no. 2688,27,Jonny Bairstow,c †Green b Scholtz,31,172.22,2
20,4,England,4,T20I no. 2688,37,Harry Brook,,47,235.00,2
6,5,England,0,T20I no. 2688,10,Moeen Ali,c Davin b Trumpelmann,16,266.66,2
4,6,England,0,T20I no. 2688,4,Liam Livingstone,run out (Trumpelmann/†Green),13,325.00,2
29,1,Namibia,1,T20I no. 2688,41,Michael van Lingen,c Brook b Jordan,33,113.79,3
16,2,Namibia,1,T20I no. 2688,26,Nikolaas Davin,retired out ,18,112.50,1
12,3,Namibia,2,T20I no. 2688,17,David Wiese,c Brook b Archer,27,225.00,2
3,4,Namibia,0,T20I no. 2688,5,Gerhard Erasmus,,1,33.33,0
1,5,Namibia,0,T20I no. 2688,2,JJ Smit,,0,0.00,0
23,1,Scotland,2,T20I no. 2689,40,George Munsey,c Ellis b Maxwell,35,152.17,3
3,2,Scotland,0,T20I no. 2689,2,Michael Jones, b Agar,2,66.66,0
34,3,Scotland,2,T20I no. 2689,44,Brandon McMullen,c Starc b Zampa,60,176.47,6
31,4,Scotland,1,T20I no. 2689,48,Richie Berrington,,42,135.48,2
11,5,Scotland,1,T20I no. 2689,13,Matthew Cross,c Agar b Maxwell,18,163.63,1
8,6,Scotland,0,T20I no. 2689,9,Michael Leask,c Starc b Ellis,5,62.50,0
10,7,Scotland,0,T20I no. 2689,15,Chris Greaves,,9,90.00,0
49,1,Australia,5,T20I no. 2689,68,Travis Head,c Jones b Sharif,68,138.77,4
4,2,Australia,0,T20I no. 2689,4,David Warner,c Berrington b Wheal,1,25.00,0
9,3,Australia,1,T20I no. 2689,17,Mitchell Marsh,c sub (C Tear) b Sharif,8,88.88,0
8,4,Australia,0,T20I no. 2689,13,Glenn Maxwell, b Watt,11,137.50,1
29,5,Australia,9,T20I no. 2689,35,Marcus Stoinis, b Watt,59,203.44,2
14,6,Australia,2,T20I no. 2689,19,Tim David,,24,171.42,1
5,7,Australia,0,T20I no. 2689,13,Matthew Wade,,4,80.00,0
3,1,Ireland,0,T20I no. 2697,2,Andy Balbirnie, b Shaheen Shah Afridi,0,0.00,0
2,2,Ireland,0,T20I no. 2697,11,Paul Stirling,c †Mohammad Rizwan b Mohammad Amir,1,50.00,0
2,3,Ireland,0,T20I no. 2697,1,Lorcan Tucker,c †Mohammad Rizwan b Shaheen Shah Afridi,2,100.00,0
6,4,Ireland,0,T20I no. 2697,15,Harry Tector,lbw b Shaheen Shah Afridi,0,0.00,0
14,5,Ireland,1,T20I no. 2697,26,Curtis Campher,c Saim Ayub b Haris Rauf,7,50.00,0
10,6,Ireland,2,T20I no. 2697,11,George Dockrell,c & b Mohammad Amir,11,110.00,0
19,7,Ireland,1,T20I no. 2697,30,Gareth Delany,c Shadab Khan b Imad Wasim,31,163.15,3
19,8,Ireland,2,T20I no. 2697,34,Mark Adair,c Shaheen Shah Afridi b Imad Wasim,15,78.94,0
7,9,Ireland,0,T20I no. 2697,12,Barry McCarthy, b Imad Wasim,2,28.57,0
18,10,Ireland,2,T20I no. 2697,26,Josh Little,,22,122.22,1
20,11,Ireland,0,T20I no. 2697,24,Ben White,,5,25.00,0
16,1,Pakistan,2,T20I no. 2697,30,Mohammad Rizwan,c Adair b McCarthy,17,106.25,0
17,2,Pakistan,2,T20I no. 2697,19,Saim Ayub,c †Tucker b Adair,17,100.00,1
34,3,Pakistan,2,T20I no. 2697,79,Babar Azam,,32,94.11,0
9,4,Pakistan,0,T20I no. 2697,15,Fakhar Zaman,c sub (GR Adair) b Campher,5,55.55,0
3,5,Pakistan,0,T20I no. 2697,4,Usman Khan,c Tector b McCarthy,2,66.66,0
2,6,Pakistan,0,T20I no. 2697,3,Shadab Khan,c †Tucker b McCarthy,0,0.00,0
6,7,Pakistan,1,T20I no. 2697,5,Imad Wasim,c Tector b Campher,4,66.66,0
21,8,Pakistan,1,T20I no. 2697,32,Abbas Afridi,c sub (GR Adair) b White,17,80.95,1
5,9,Pakistan,0,T20I no. 2697,23,Shaheen Shah Afridi,,13,260.00,2
1,1,Bangladesh,0,T20I no. 2698,-,Tanzid Hasan,c & b Sompal Kami,0,0.00,0
12,2,Bangladesh,1,T20I no. 2698,-,Litton Das,c †Aasif Sheikh b Sompal Kami,10,83.33,0
5,3,Bangladesh,0,T20I no. 2698,-,Najmul Hossain Shanto, b Airee,4,80.00,0
22,4,Bangladesh,2,T20I no. 2698,-,Shakib Al Hasan,lbw b Paudel,17,77.27,0
7,5,Bangladesh,2,T20I no. 2698,-,Towhid Hridoy,c Lamichhane b Paudel,9,128.57,0
13,6,Bangladesh,2,T20I no. 2698,-,Mahmudullah,run out (Gulsan Jha/Lamichhane),13,100.00,0
26,7,Bangladesh,0,T20I no. 2698,-,Jaker Ali, b Lamichhane,12,46.15,0
5,8,Bangladesh,0,T20I no. 2698,-,Tanzim Hasan Sakib, b Lamichhane,3,60.00,0
7,9,Bangladesh,1,T20I no. 2698,-,Rishad Hossain,c Sah b Airee,13,185.71,1
15,10,Bangladesh,2,T20I no. 2698,-,Taskin Ahmed,,12,80.00,0
4,11,Bangladesh,0,T20I no. 2698,-,Mustafizur Rahman,run out (Paudel/Airee),3,75.00,0
8,1,Nepal,1,T20I no. 2698,11,Kushal Bhurtel, b Tanzim Hasan Sakib,4,50.00,0
14,2,Nepal,4,T20I no. 2698,29,Aasif Sheikh,c Shakib Al Hasan b Mustafizur Rahman,17,121.42,0
2,3,Nepal,0,T20I no. 2698,2,Anil Sah,c Najmul Hossain Shanto b Tanzim Hasan Sakib,0,0.00,0
6,4,Nepal,0,T20I no. 2698,8,Rohit Paudel,c Rishad Hossain b Tanzim Hasan Sakib,1,16.66,0
8,5,Nepal,0,T20I no. 2698,13,Sundeep Jora,c Rishad Hossain b Tanzim Hasan Sakib,1,12.50,0
40,6,Nepal,1,T20I no. 2698,48,Kushal Malla,c Najmul Hossain Shanto b Mustafizur Rahman,27,67.50,1
31,7,Nepal,2,T20I no. 2698,52,Dipendra Singh Airee,c †Litton Das b Mustafizur Rahman,25,80.64,1
4,8,Nepal,0,T20I no. 2698,5,Gulsan Jha,c Towhid Hridoy b Taskin Ahmed,0,0.00,0
2,9,Nepal,0,T20I no. 2698,6,Sompal Kami,st †Litton Das b Shakib Al Hasan,0,0.00,0
0,10,Nepal,0,T20I no. 2698,3,Sandeep Lamichhane,,0,-,0
1,11,Nepal,0,T20I no. 2698,1,Abinash Bohara,lbw b Shakib Al Hasan,0,0.00,0
2,1,Sri Lanka,0,T20I no. 2699,2,Pathum Nissanka,c Engelbrecht b Kingma,0,0.00,0
29,2,Sri Lanka,5,T20I no. 2699,49,Kusal Mendis,c Engelbrecht b Dutt,46,158.62,0
20,3,Sri Lanka,1,T20I no. 2699,24,Kamindu Mendis,c van Beek b van Meekeren,17,85.00,1
26,4,Sri Lanka,3,T20I no. 2699,38,Dhananjaya de Silva,c de Leede b Pringle,34,130.76,1
21,5,Sri Lanka,1,T20I no. 2699,31,Charith Asalanka,c de Leede b van Beek,46,219.04,5
15,6,Sri Lanka,1,T20I no. 2699,27,Angelo Mathews,,30,200.00,2
1,7,Sri Lanka,0,T20I no. 2699,1,Dasun Shanaka,c †Edwards b van Beek,0,0.00,0
6,8,Sri Lanka,1,T20I no. 2699,10,Wanindu Hasaranga,,20,333.33,2
23,1,Netherlands,2,T20I no. 2699,25,Michael Levitt,st †BKG Mendis b Theekshana,31,134.78,3
8,2,Netherlands,0,T20I no. 2699,20,Max O'Dowd,c PHKD Mendis b Thushara,11,137.50,1
10,3,Netherlands,0,T20I no. 2699,12,Vikramjit Singh,c PHKD Mendis b Shanaka,7,70.00,0
9,4,Netherlands,0,T20I no. 2699,12,Sybrand Engelbrecht,c Asalanka b Pathirana,11,122.22,1
24,5,Netherlands,2,T20I no. 2699,40,Scott Edwards,c Theekshana b Thushara,31,129.16,1
5,6,Netherlands,0,T20I no. 2699,4,Bas de Leede,c Asalanka b Hasaranga,3,60.00,0
1,7,Netherlands,0,T20I no. 2699,1,Logan van Beek,run out (†BKG Mendis),0,0.00,0
4,8,Netherlands,0,T20I no. 2699,7,Tim Pringle,st †BKG Mendis b Hasaranga,2,50.00,0
8,9,Netherlands,1,T20I no. 2699,11,Aryan Dutt, b Pathirana,10,125.00,0
8,10,Netherlands,0,T20I no. 2699,11,Paul van Meekeren,lbw b Thushara,3,37.50,0
1,11,Netherlands,0,T20I no. 2699,2,Vivian Kingma,,1,100.00,0
2,1,Papua New Guinea,0,T20I no. 2702,6,Tony Ura,c Phillips b Southee,1,50.00,0
16,2,Papua New Guinea,1,T20I no. 2702,19,Assad Vala,c Mitchell b Ferguson,6,37.50,0
25,3,Papua New Guinea,2,T20I no. 2702,40,Charles Amini,lbw b Ferguson,17,68.00,0
27,4,Papua New Guinea,1,T20I no. 2702,32,Sese Bau,c Allen b Santner,12,44.44,0
11,5,Papua New Guinea,1,T20I no. 2702,16,Hiri Hiri, b Boult,7,63.63,0
6,6,Papua New Guinea,0,T20I no. 2702,4,Chad Soper, b Ferguson,1,16.66,0
7,7,Papua New Guinea,1,T20I no. 2702,14,Kiplin Doriga, b Southee,5,71.42,0
13,8,Papua New Guinea,1,T20I no. 2702,15,Norman Vanua,c Mitchell b Boult,14,107.69,1
7,9,Papua New Guinea,0,T20I no. 2702,14,Alei Nao,c Mitchell b Sodhi,3,42.85,0
3,10,Papua New Guinea,0,T20I no. 2702,3,Kabua Morea,st †Conway b Sodhi,0,0.00,0
1,11,Papua New Guinea,0,T20I no. 2702,1,Semo Kamea,,1,100.00,0
2,1,New Zealand,0,T20I no. 2702,3,Finn Allen,c †Doriga b Morea,0,0.00,0
32,2,New Zealand,2,T20I no. 2702,45,Devon Conway,lbw b Kamea,35,109.37,3
11,3,New Zealand,0,T20I no. 2702,15,Rachin Ravindra,c Kamea b Morea,6,54.54,0
17,4,New Zealand,2,T20I no. 2702,38,Kane Williamson,,18,105.88,0
12,5,New Zealand,3,T20I no. 2702,13,Daryl Mitchell,,19,158.33,0
6,1,West Indies,1,T20I no. 2703,9,Brandon King, b Azmatullah Omarzai,7,116.66,0
27,2,West Indies,8,T20I no. 2703,43,Johnson Charles,c Gulbadin Naib b Naveen-ul-Haq,43,159.25,0
53,3,West Indies,6,T20I no. 2703,86,Nicholas Pooran,run out (Azmatullah Omarzai),98,184.90,8
17,4,West Indies,0,T20I no. 2703,14,Shai Hope,c Najibullah Zadran b Gulbadin Naib,25,147.05,2
15,5,West Indies,1,T20I no. 2703,28,Rovman Powell,c sub (Nangeyalia Kharote) b Gulbadin Naib,26,173.33,2
3,6,West Indies,0,T20I no. 2703,9,Andre Russell,,3,100.00,0
1,7,West Indies,0,T20I no. 2703,1,Sherfane Rutherford,,1,100.00,0
3,1,Afghanistan,0,T20I no. 2703,1,Rahmanullah Gurbaz,c Russell b Hosein,0,0.00,0
28,2,Afghanistan,5,T20I no. 2703,34,Ibrahim Zadran,c Charles b McCoy,38,135.71,1
10,3,Afghanistan,1,T20I no. 2703,26,Gulbadin Naib,lbw b Motie,7,70.00,0
19,4,Afghanistan,1,T20I no. 2703,26,Azmatullah Omarzai,c Powell b Hosein,23,121.05,1
2,5,Afghanistan,0,T20I no. 2703,1,Najibullah Zadran,c Charles b McCoy,0,0.00,0
4,6,Afghanistan,0,T20I no. 2703,4,Mohammad Nabi, b McCoy,1,25.00,0
9,7,Afghanistan,0,T20I no. 2703,14,Karim Janat,run out (King/Hosein),14,155.55,1
11,8,Afghanistan,2,T20I no. 2703,18,Rashid Khan,c Powell b Russell,18,163.63,1
4,9,Afghanistan,0,T20I no. 2703,6,Noor Ahmad,c Rutherford b Motie,2,50.00,0
6,10,Afghanistan,1,T20I no. 2703,5,Naveen-ul-Haq,c †Pooran b Joseph,4,66.66,0
2,11,Afghanistan,0,T20I no. 2703,3,Fazalhaq Farooqi,,0,0.00,0
40,1,South Africa,7,T20I no. 2708,54,Quinton de Kock,c Shayan Jahangir b Harmeet Singh,74,185.00,5
11,2,South Africa,0,T20I no. 2708,12,Reeza Hendricks,c Anderson b Netravalkar,11,100.00,1
32,3,South Africa,4,T20I no. 2708,52,Aiden Markram,c Ali Khan b Netravalkar,46,143.75,1
1,4,South Africa,0,T20I no. 2708,1,David Miller,c & b Harmeet Singh,0,0.00,0
22,5,South Africa,0,T20I no. 2708,35,Heinrich Klaasen,,36,163.63,3
16,6,South Africa,2,T20I no. 2708,24,Tristan Stubbs,,20,125.00,0
14,1,United States of America,4,T20I no. 2708,16,Steven Taylor,c Klaasen b Rabada,24,171.42,1
47,2,United States of America,5,T20I no. 2708,88,Andries Gous,,80,170.21,5
6,3,United States of America,0,T20I no. 2708,9,Nitish Kumar,c Stubbs b Rabada,8,133.33,1
5,4,United States of America,0,T20I no. 2708,4,Aaron Jones,c †de Kock b Maharaj,0,0.00,0
12,5,United States of America,0,T20I no. 2708,10,Corey Anderson, b Nortje,12,100.00,1
9,6,United States of America,0,T20I no. 2708,51,Shayan Jahangir,lbw b Shamsi,3,33.33,0
22,7,United States of America,2,T20I no. 2708,30,Harmeet Singh,c Stubbs b Rabada,38,172.72,3
6,8,United States of America,0,T20I no. 2708,7,Jasdeep Singh,,2,33.33,0
13,1,West Indies,3,T20I no. 2709,23,Brandon King,,23,176.92,1
34,2,West Indies,4,T20I no. 2709,55,Johnson Charles,c Brook b Ali,38,111.76,1
32,3,West Indies,4,T20I no. 2709,53,Nicholas Pooran,c †Buttler b Archer,36,112.50,1
17,4,West Indies,0,T20I no. 2709,18,Rovman Powell,c Wood b Livingstone,36,211.76,5
2,5,West Indies,0,T20I no. 2709,7,Andre Russell,c Salt b Rashid,1,50.00,0
15,6,West Indies,1,T20I no. 2709,20,Sherfane Rutherford,,28,186.66,2
7,7,West Indies,1,T20I no. 2709,16,Romario Shepherd,,5,71.42,0
47,1,England,7,T20I no. 2709,79,Phil Salt,,87,185.10,5
22,2,England,2,T20I no. 2709,34,Jos Buttler,lbw b Chase,25,113.63,0
10,3,England,2,T20I no. 2709,9,Moeen Ali,c Charles b Russell,13,130.00,0
26,4,England,5,T20I no. 2709,32,Jonny Bairstow,,48,184.61,2
13,1,India,1,T20I no. 2710,13,Rohit Sharma,c Rashid Khan b Fazalhaq Farooqi,8,61.53,0
24,2,India,0,T20I no. 2710,41,Virat Kohli,c Mohammad Nabi b Rashid Khan,24,100.00,1
11,3,India,4,T20I no. 2710,20,Rishabh Pant,lbw b Rashid Khan,20,181.81,0
28,4,India,5,T20I no. 2710,51,Suryakumar Yadav,c Mohammad Nabi b Fazalhaq Farooqi,53,189.28,3
7,5,India,0,T20I no. 2710,11,Shivam Dube,lbw b Rashid Khan,10,142.85,1
24,6,India,3,T20I no. 2710,40,Hardik Pandya,c Azmatullah Omarzai b Naveen-ul-Haq,32,133.33,2
5,7,India,1,T20I no. 2710,11,Ravindra Jadeja,c Gulbadin Naib b Fazalhaq Farooqi,7,140.00,0
6,8,India,2,T20I no. 2710,11,Axar Patel,run out (†Rahmanullah Gurbaz/Naveen-ul-Haq),12,200.00,0
2,9,India,0,T20I no. 2710,8,Arshdeep Singh,,2,100.00,0
8,1,Afghanistan,1,T20I no. 2710,7,Rahmanullah Gurbaz,c †Pant b Bumrah,11,137.50,1
4,2,Afghanistan,0,T20I no. 2710,20,Hazratullah Zazai,c Jadeja b Bumrah,2,50.00,0
11,3,Afghanistan,1,T20I no. 2710,9,Ibrahim Zadran,c Sharma b Patel,8,72.72,0
21,4,Afghanistan,1,T20I no. 2710,25,Gulbadin Naib,c †Pant b Kuldeep Yadav,17,80.95,1
20,5,Afghanistan,2,T20I no. 2710,26,Azmatullah Omarzai,c Patel b Jadeja,26,130.00,1
17,6,Afghanistan,0,T20I no. 2710,22,Najibullah Zadran,c Arshdeep Singh b Bumrah,19,111.76,2
14,7,Afghanistan,0,T20I no. 2710,24,Mohammad Nabi,c Jadeja b Kuldeep Yadav,14,100.00,1
6,8,Afghanistan,0,T20I no. 2710,11,Rashid Khan,c Jadeja b Arshdeep Singh,2,33.33,0
18,9,Afghanistan,1,T20I no. 2710,19,Noor Ahmad,c Sharma b Arshdeep Singh,12,66.66,1
1,10,Afghanistan,0,T20I no. 2710,1,Naveen-ul-Haq,c †Pant b Arshdeep Singh,0,0.00,0
1,11,Afghanistan,1,T20I no. 2710,11,Fazalhaq Farooqi,,4,400.00,0
3,1,Bangladesh,0,T20I no. 2711,2,Tanzid Hasan, b Starc,0,0.00,0
25,2,Bangladesh,2,T20I no. 2711,42,Litton Das, b Zampa,16,64.00,0
36,3,Bangladesh,5,T20I no. 2711,57,Najmul Hossain Shanto,lbw b Zampa,41,113.88,1
4,4,Bangladesh,0,T20I no. 2711,5,Rishad Hossain,c Zampa b Maxwell,2,50.00,0
28,5,Bangladesh,2,T20I no. 2711,40,Towhid Hridoy,c Hazlewood b Cummins,40,142.85,2
10,6,Bangladesh,0,T20I no. 2711,27,Shakib Al Hasan,c & b Stoinis,8,80.00,0
3,7,Bangladesh,0,T20I no. 2711,7,Mahmudullah, b Cummins,2,66.66,0
1,8,Bangladesh,0,T20I no. 2711,1,Mahedi Hasan,c Zampa b Cummins,0,0.00,0
7,9,Bangladesh,1,T20I no. 2711,9,Taskin Ahmed,,13,185.71,0
3,10,Bangladesh,0,T20I no. 2711,3,Tanzim Hasan Sakib,,4,133.33,0
35,1,Australia,5,T20I no. 2711,52,David Warner,,53,151.42,3
21,2,Australia,3,T20I no. 2711,30,Travis Head, b Rishad Hossain,31,147.61,2
6,3,Australia,0,T20I no. 2711,8,Mitchell Marsh,lbw b Rishad Hossain,1,16.66,0
6,4,Australia,1,T20I no. 2711,12,Glenn Maxwell,,14,233.33,1
25,1,South Africa,1,T20I no. 2712,41,Reeza Hendricks,c Brook b Ali,19,76.00,0
38,2,South Africa,4,T20I no. 2712,50,Quinton de Kock,c †Buttler b Archer,65,171.05,4
13,3,South Africa,1,T20I no. 2712,21,Heinrich Klaasen,run out (†Buttler),8,61.53,0
28,4,South Africa,4,T20I no. 2712,40,David Miller,c Brook b Archer,43,153.57,2
2,5,South Africa,0,T20I no. 2712,4,Aiden Markram, b Rashid,1,50.00,0
11,6,South Africa,1,T20I no. 2712,28,Tristan Stubbs,,12,109.09,0
1,7,South Africa,0,T20I no. 2712,1,Marco Jansen,c Curran b Archer,0,0.00,0
2,8,South Africa,1,T20I no. 2712,3,Keshav Maharaj,,5,250.00,0
8,1,England,1,T20I no. 2712,8,Phil Salt,c Hendricks b Rabada,11,137.50,1
20,2,England,1,T20I no. 2712,38,Jos Buttler,c Klaasen b Maharaj,17,85.00,0
20,3,England,1,T20I no. 2712,20,Jonny Bairstow,c Nortje b Maharaj,16,80.00,0
10,4,England,0,T20I no. 2712,15,Moeen Ali,c Maharaj b Baartman,9,90.00,0
37,5,England,7,T20I no. 2712,50,Harry Brook,c Markram b Nortje,53,143.24,0
17,6,England,3,T20I no. 2712,33,Liam Livingstone,c Stubbs b Rabada,33,194.11,2
7,7,England,1,T20I no. 2712,14,Sam Curran,,10,142.85,0
2,8,England,0,T20I no. 2712,4,Jofra Archer,,1,50.00,0
7,1,United States of America,0,T20I no. 2713,5,Steven Taylor,c Chase b Russell,2,28.57,0
16,2,United States of America,3,T20I no. 2713,37,Andries Gous,c Hope b Joseph,29,181.25,1
19,3,United States of America,2,T20I no. 2713,23,Nitish Kumar,lbw b Motie,20,105.26,0
11,4,United States of America,0,T20I no. 2713,12,Aaron Jones, b Chase,11,100.00,1
15,5,United States of America,0,T20I no. 2713,23,Corey Anderson,lbw b Chase,7,46.66,0
21,6,United States of America,1,T20I no. 2713,35,Milind Kumar,run out (Motie/Russell),19,90.47,0
1,7,United States of America,0,T20I no. 2713,1,Harmeet Singh,c Charles b Chase,0,0.00,0
17,8,United States of America,3,T20I no. 2713,17,Shadley van Schalkwyk,c Charles b Russell,18,105.88,0
3,9,United States of America,0,T20I no. 2713,8,Nosthush Kenjige,c †Pooran b Joseph,1,33.33,0
6,10,United States of America,1,T20I no. 2713,11,Ali Khan,,14,233.33,1
4,11,United States of America,0,T20I no. 2713,4,Saurabh Netravalkar,c Powell b Russell,0,0.00,0
39,1,West Indies,4,T20I no. 2713,-,Shai Hope,,82,210.25,8
14,2,West Indies,2,T20I no. 2713,-,Johnson Charles,c Milind Kumar b Harmeet Singh,15,107.14,0
12,3,West Indies,1,T20I no. 2713,-,Nicholas Pooran,,27,225.00,3
11,1,India,3,T20I no. 2716,14,Rohit Sharma,c Jaker Ali b Shakib Al Hasan,23,209.09,1
28,2,India,1,T20I no. 2716,34,Virat Kohli, b Tanzim Hasan Sakib,37,132.14,3
24,3,India,4,T20I no. 2716,36,Rishabh Pant,c Tanzim Hasan Sakib b Rishad Hossain,36,150.00,2
2,4,India,0,T20I no. 2716,2,Suryakumar Yadav,c †Litton Das b Tanzim Hasan Sakib,6,300.00,1
24,5,India,0,T20I no. 2716,38,Shivam Dube, b Rishad Hossain,34,141.66,3
27,6,India,4,T20I no. 2716,38,Hardik Pandya,,50,185.18,3
5,7,India,0,T20I no. 2716,13,Axar Patel,,3,60.00,0
10,1,Bangladesh,1,T20I no. 2716,20,Litton Das,c Yadav b Pandya,13,130.00,1
31,2,Bangladesh,4,T20I no. 2716,41,Tanzid Hasan,lbw b Kuldeep Yadav,29,93.54,0
32,3,Bangladesh,1,T20I no. 2716,46,Najmul Hossain Shanto,c Arshdeep Singh b Bumrah,40,125.00,3
6,4,Bangladesh,0,T20I no. 2716,6,Towhid Hridoy,lbw b Kuldeep Yadav,4,66.66,0
7,5,Bangladesh,1,T20I no. 2716,7,Shakib Al Hasan,c Sharma b Kuldeep Yadav,11,157.14,1
15,6,Bangladesh,1,T20I no. 2716,30,Mahmudullah,c Patel b Arshdeep Singh,13,86.66,0
4,7,Bangladesh,0,T20I no. 2716,3,Jaker Ali,c Kohli b Arshdeep Singh,1,25.00,0
10,8,Bangladesh,1,T20I no. 2716,9,Rishad Hossain,c Sharma b Bumrah,24,240.00,3
4,9,Bangladesh,1,T20I no. 2716,7,Mahedi Hasan,,5,125.00,0
1,10,Bangladesh,0,T20I no. 2716,1,Tanzim Hasan Sakib,,1,100.00,0
49,1,Afghanistan,4,T20I no. 2717,66,Rahmanullah Gurbaz,c Warner b Stoinis,60,122.44,4
48,2,Afghanistan,6,T20I no. 2717,73,Ibrahim Zadran,c Marsh b Zampa,51,106.25,0
3,3,Afghanistan,0,T20I no. 2717,2,Azmatullah Omarzai, b Zampa,2,66.66,0
9,4,Afghanistan,0,T20I no. 2717,13,Karim Janat,c David b Cummins,13,144.44,1
5,5,Afghanistan,0,T20I no. 2717,4,Rashid Khan,c David b Cummins,2,40.00,0
4,6,Afghanistan,2,T20I no. 2717,10,Mohammad Nabi,,10,250.00,0
1,7,Afghanistan,0,T20I no. 2717,12,Gulbadin Naib,c Maxwell b Cummins,0,0.00,0
1,8,Afghanistan,0,T20I no. 2717,2,Nangeyalia Kharote,,1,100.00,0
3,1,Australia,0,T20I no. 2717,2,Travis Head, b Naveen-ul-Haq,0,0.00,0
8,2,Australia,0,T20I no. 2717,27,David Warner,c Noor Ahmad b Mohammad Nabi,3,37.50,0
9,3,Australia,2,T20I no. 2717,9,Mitchell Marsh,c Mohammad Nabi b Naveen-ul-Haq,12,133.33,0
41,4,Australia,6,T20I no. 2717,58,Glenn Maxwell,c Noor Ahmad b Gulbadin Naib,59,143.90,3
17,5,Australia,1,T20I no. 2717,20,Marcus Stoinis,c †Rahmanullah Gurbaz b Gulbadin Naib,11,64.70,0
4,6,Australia,0,T20I no. 2717,9,Tim David,lbw b Gulbadin Naib,2,50.00,0
7,7,Australia,0,T20I no. 2717,16,Matthew Wade,c Karim Janat b Rashid Khan,5,71.42,0
9,8,Australia,0,T20I no. 2717,9,Pat Cummins, b Gulbadin Naib,3,33.33,0
5,9,Australia,0,T20I no. 2717,10,Ashton Agar,c Gulbadin Naib b Naveen-ul-Haq,2,40.00,0
7,10,Australia,1,T20I no. 2717,15,Adam Zampa,c Mohammad Nabi b Azmatullah Omarzai,9,128.57,0
7,11,Australia,0,T20I no. 2717,10,Josh Hazlewood,,5,71.42,0
13,1,United States of America,2,T20I no. 2719,25,Steven Taylor,c Ali b Curran,12,92.30,0
5,2,United States of America,0,T20I no. 2719,4,Andries Gous,c Salt b Topley,8,160.00,1
24,3,United States of America,1,T20I no. 2719,38,Nitish Kumar, b Rashid,30,125.00,2
16,4,United States of America,2,T20I no. 2719,10,Aaron Jones, b Rashid,10,62.50,0
28,5,United States of America,0,T20I no. 2719,43,Corey Anderson,c Brook b Jordan,29,103.57,1
6,6,United States of America,0,T20I no. 2719,13,Milind Kumar,c †Buttler b Livingstone,4,66.66,0
17,7,United States of America,2,T20I no. 2719,19,Harmeet Singh,c Jordan b Curran,21,123.52,1
0,8,United States of America,0,T20I no. 2719,7,Shadley van Schalkwyk,,0,-,0
2,9,United States of America,0,T20I no. 2719,1,Ali Khan, b Jordan,0,0.00,0
1,10,United States of America,0,T20I no. 2719,1,Nosthush Kenjige,lbw b Jordan,0,0.00,0
1,11,United States of America,0,T20I no. 2719,1,Saurabh Netravalkar, b Jordan,0,0.00,0
21,1,England,2,T20I no. 2719,44,Phil Salt,,25,119.04,0
38,2,England,6,T20I no. 2719,44,Jos Buttler,,83,218.42,7
34,1,West Indies,3,T20I no. 2720,53,Kyle Mayers,c Stubbs b Shamsi,35,102.94,2
1,2,West Indies,0,T20I no. 2720,3,Shai Hope,c Stubbs b Jansen,0,0.00,0
3,3,West Indies,0,T20I no. 2720,4,Nicholas Pooran,c Jansen b Markram,1,33.33,0
42,4,West Indies,3,T20I no. 2720,59,Roston Chase,c Rabada b Shamsi,52,123.80,2
2,5,West Indies,0,T20I no. 2720,2,Rovman Powell,st †de Kock b Maharaj,1,50.00,0
4,6,West Indies,0,T20I no. 2720,5,Sherfane Rutherford,c Markram b Shamsi,0,0.00,0
9,7,West Indies,0,T20I no. 2720,15,Andre Russell,run out (Nortje),15,166.66,2
11,8,West Indies,1,T20I no. 2720,12,Akeal Hosein,c & b Rabada,6,54.54,0
7,9,West Indies,0,T20I no. 2720,14,Alzarri Joseph,,11,157.14,1
7,10,West Indies,1,T20I no. 2720,10,Gudakesh Motie,,4,57.14,0
7,1,South Africa,3,T20I no. 2720,10,Quinton de Kock,c Rutherford b Russell,12,171.42,0
1,2,South Africa,0,T20I no. 2720,5,Reeza Hendricks,c †Pooran b Russell,0,0.00,0
15,3,South Africa,2,T20I no. 2720,20,Aiden Markram,c Mayers b Joseph,18,120.00,0
27,4,South Africa,4,T20I no. 2720,55,Tristan Stubbs,c Mayers b Chase,29,107.40,0
10,5,South Africa,3,T20I no. 2720,13,Heinrich Klaasen,c †Pooran b Joseph,22,220.00,1
14,6,South Africa,0,T20I no. 2720,18,David Miller, b Chase,4,28.57,0
14,7,South Africa,1,T20I no. 2720,22,Marco Jansen,,21,150.00,1
6,8,South Africa,0,T20I no. 2720,9,Keshav Maharaj,c Joseph b Chase,2,33.33,0
3,9,South Africa,1,T20I no. 2720,5,Kagiso Rabada,,5,166.66,0
41,1,India,7,T20I no. 2721,59,Rohit Sharma, b Starc,92,224.39,8
5,2,India,0,T20I no. 2721,8,Virat Kohli,c David b Hazlewood,0,0.00,0
14,3,India,1,T20I no. 2721,33,Rishabh Pant,c Hazlewood b Stoinis,15,107.14,1
16,4,India,3,T20I no. 2721,29,Suryakumar Yadav,c †Wade b Starc,31,193.75,2
22,5,India,2,T20I no. 2721,33,Shivam Dube,c Warner b Stoinis,28,127.27,1
17,6,India,1,T20I no. 2721,24,Hardik Pandya,,27,158.82,2
5,7,India,0,T20I no. 2721,4,Ravindra Jadeja,,9,180.00,1
6,1,Australia,1,T20I no. 2721,5,David Warner,c Yadav b Arshdeep Singh,6,100.00,0
43,2,Australia,9,T20I no. 2721,76,Travis Head,c Sharma b Bumrah,76,176.74,4
28,3,Australia,3,T20I no. 2721,38,Mitchell Marsh,c Patel b Kuldeep Yadav,37,132.14,2
12,4,Australia,2,T20I no. 2721,15,Glenn Maxwell, b Kuldeep Yadav,20,166.66,1
4,5,Australia,0,T20I no. 2721,4,Marcus Stoinis,c Pandya b Patel,2,50.00,0
11,6,Australia,1,T20I no. 2721,22,Tim David,c Bumrah b Arshdeep Singh,15,136.36,1
2,7,Australia,0,T20I no. 2721,5,Matthew Wade,c Kuldeep Yadav b Arshdeep Singh,1,50.00,0
7,8,Australia,0,T20I no. 2721,15,Pat Cummins,,11,157.14,1
7,9,Australia,0,T20I no. 2721,9,Mitchell Starc,,4,57.14,0
55,1,Afghanistan,3,T20I no. 2722,69,Rahmanullah Gurbaz,c Soumya Sarkar b Rishad Hossain,43,78.18,1
29,2,Afghanistan,1,T20I no. 2722,46,Ibrahim Zadran,c Tanzim Hasan Sakib b Rishad Hossain,18,62.06,0
12,3,Afghanistan,0,T20I no. 2722,20,Azmatullah Omarzai,c †Litton Das b Mustafizur Rahman,10,83.33,0
3,4,Afghanistan,1,T20I no. 2722,4,Gulbadin Naib,c Soumya Sarkar b Rishad Hossain,4,133.33,0
5,5,Afghanistan,0,T20I no. 2722,6,Mohammad Nabi,c Najmul Hossain Shanto b Taskin Ahmed,1,20.00,0
6,6,Afghanistan,1,T20I no. 2722,15,Karim Janat,,7,116.66,0
10,7,Afghanistan,0,T20I no. 2722,10,Rashid Khan,,19,190.00,3
49,1,Bangladesh,5,T20I no. 2722,95,Litton Das,,54,110.20,1
3,2,Bangladesh,0,T20I no. 2722,12,Tanzid Hasan,lbw b Fazalhaq Farooqi,0,0.00,0
5,3,Bangladesh,1,T20I no. 2722,7,Najmul Hossain Shanto,c Mohammad Nabi b Naveen-ul-Haq,5,100.00,0
1,4,Bangladesh,0,T20I no. 2722,1,Shakib Al Hasan,c & b Naveen-ul-Haq,0,0.00,0
10,5,Bangladesh,1,T20I no. 2722,18,Soumya Sarkar, b Rashid Khan,10,100.00,0
9,6,Bangladesh,2,T20I no. 2722,7,Towhid Hridoy,c Ibrahim Zadran b Rashid Khan,14,155.55,0
9,7,Bangladesh,1,T20I no. 2722,8,Mahmudullah,c sub (†Mohammad Ishaq) b Rashid Khan,6,66.66,0
1,8,Bangladesh,0,T20I no. 2722,1,Rishad Hossain, b Rashid Khan,0,0.00,0
10,9,Bangladesh,0,T20I no. 2722,13,Tanzim Hasan Sakib,c Mohammad Nabi b Gulbadin Naib,3,30.00,0
9,10,Bangladesh,0,T20I no. 2722,31,Taskin Ahmed, b Naveen-ul-Haq,2,22.22,0
1,11,Bangladesh,0,T20I no. 2722,1,Mustafizur Rahman,lbw b Naveen-ul-Haq,0,0.00,0
3,1,Afghanistan,0,T20I no. 2723,5,Rahmanullah Gurbaz,c Hendricks b Jansen,0,0.00,0
5,2,Afghanistan,0,T20I no. 2723,15,Ibrahim Zadran, b Rabada,2,40.00,0
8,3,Afghanistan,2,T20I no. 2723,6,Gulbadin Naib, b Jansen,9,112.50,0
12,4,Afghanistan,2,T20I no. 2723,18,Azmatullah Omarzai,c Stubbs b Nortje,10,83.33,0
3,5,Afghanistan,0,T20I no. 2723,1,Mohammad Nabi, b Rabada,0,0.00,0
7,6,Afghanistan,0,T20I no. 2723,5,Nangeyalia Kharote,c †de Kock b Jansen,2,28.57,0
13,7,Afghanistan,1,T20I no. 2723,22,Karim Janat,lbw b Shamsi,8,61.53,0
8,8,Afghanistan,2,T20I no. 2723,20,Rashid Khan, b Nortje,8,100.00,0
2,9,Afghanistan,0,T20I no. 2723,2,Noor Ahmad,lbw b Shamsi,0,0.00,0
8,10,Afghanistan,0,T20I no. 2723,9,Naveen-ul-Haq,lbw b Shamsi,2,25.00,0
2,11,Afghanistan,0,T20I no. 2723,6,Fazalhaq Farooqi,,2,100.00,0
8,1,South Africa,1,T20I no. 2723,7,Quinton de Kock, b Fazalhaq Farooqi,5,62.50,0
25,2,South Africa,3,T20I no. 2723,44,Reeza Hendricks,,29,116.00,1
21,3,South Africa,4,T20I no. 2723,35,Aiden Markram,,23,109.52,0
39,1,India,6,T20I no. 2724,57,Rohit Sharma, b Rashid,57,146.15,2
9,2,India,0,T20I no. 2724,10,Virat Kohli, b Topley,9,100.00,1
6,3,India,0,T20I no. 2724,12,Rishabh Pant,c Bairstow b Curran,4,66.66,0
36,4,India,4,T20I no. 2724,40,Suryakumar Yadav,c Jordan b Archer,47,130.55,2
13,5,India,1,T20I no. 2724,17,Hardik Pandya,c Curran b Jordan,23,176.92,2
9,6,India,2,T20I no. 2724,24,Ravindra Jadeja,,17,188.88,0
1,7,India,0,T20I no. 2724,1,Shivam Dube,c †Buttler b Jordan,0,0.00,0
6,8,India,0,T20I no. 2724,10,Axar Patel,c Salt b Jordan,10,166.66,1
1,9,India,0,T20I no. 2724,1,Arshdeep Singh,,1,100.00,0
8,1,England,0,T20I no. 2724,20,Phil Salt, b Bumrah,5,62.50,0
15,2,England,4,T20I no. 2724,13,Jos Buttler,c †Pant b Patel,23,153.33,0
10,3,England,0,T20I no. 2724,18,Moeen Ali,st †Pant b Patel,8,80.00,0
3,4,England,0,T20I no. 2724,2,Jonny Bairstow, b Patel,0,0.00,0
19,5,England,3,T20I no. 2724,21,Harry Brook, b Kuldeep Yadav,25,131.57,0
4,6,England,0,T20I no. 2724,4,Sam Curran,lbw b Kuldeep Yadav,2,50.00,0
16,7,England,0,T20I no. 2724,24,Liam Livingstone,run out (Kuldeep Yadav/Patel),11,68.75,0
5,8,England,0,T20I no. 2724,6,Chris Jordan,lbw b Kuldeep Yadav,1,20.00,0
15,9,England,1,T20I no. 2724,17,Jofra Archer,lbw b Bumrah,21,140.00,2
2,10,England,0,T20I no. 2724,2,Adil Rashid,run out (Yadav),2,100.00,0
3,11,England,0,T20I no. 2724,6,Reece Topley,,3,100.00,0
